2026.01.26	06:16:00	97.0508	97.0559	97.0508	97.0521	301	0	36
2026.01.26	06:17:00	97.0517	97.0517	97.0475	97.0475	234	0	33
2026.01.26	06:18:00	97.0469	97.0521	97.0460	97.0521	261	0	35
2026.01.26	06:19:00	97.0529	97.0529	97.0509	97.0509	265	0	37
2026.01.26	06:20:00	97.0518	97.0569	97.0518	97.0569	194	0	37
2026.01.26	06:21:00	97.0585	97.0640	97.0585	97.0629	192	0	39
2026.01.26	06:22:00	97.0612	97.0632	97.0604	97.0632	240	0	39
2026.01.26	06:23:00	97.0637	97.0819	97.0637	97.0819	213	0	37
2026.01.26	06:24:00	97.0816	97.0816	97.0763	97.0763	197	0	39
2026.01.26	06:25:00	97.0769	97.0871	97.0769	97.0871	163	0	35
2026.01.26	06:26:00	97.0847	97.0848	97.0833	97.0848	154	0	35
2026.01.26	06:27:00	97.0856	97.1020	97.0856	97.1020	179	0	35
2026.01.26	06:28:00	97.1004	97.1086	97.1004	97.1086	156	0	36
2026.01.26	06:29:00	97.1094	97.1094	97.1018	97.1018	179	0	37
2026.01.26	06:30:00	97.1023	97.1023	97.0896	97.0896	159	0	35
2026.01.26	06:31:00	97.0897	97.0928	97.0897	97.0928	130	0	37
2026.01.26	06:32:00	97.0925	97.0984	97.0925	97.0984	166	0	36
2026.01.26	06:33:00	97.0975	97.0975	97.0948	97.0956	191	0	35
2026.01.26	06:34:00	97.0958	97.1027	97.0958	97.1027	133	0	37
2026.01.26	06:35:00	97.1028	97.1075	97.1028	97.1075	161	0	37
2026.01.26	06:36:00	97.1068	97.1079	97.1068	97.1068	160	0	35
2026.01.26	06:37:00	97.1077	97.1133	97.1077	97.1133	170	0	36
2026.01.26	06:38:00	97.1129	97.1198	97.1129	97.1198	108	0	30
2026.01.26	06:39:00	97.1207	97.1260	97.1207	97.1260	183	0	36
2026.01.26	06:40:00	97.1243	97.1243	97.1209	97.1209	137	0	38
2026.01.26	06:41:00	97.1207	97.1207	97.1206	97.1206	95	0	39
2026.01.26	06:42:00	97.1213	97.1213	97.1093	97.1093	138	0	35
2026.01.26	06:43:00	97.1092	97.1111	97.1092	97.1098	137	0	37
2026.01.26	06:44:00	97.1076	97.1076	97.0866	97.0866	204	0	33
2026.01.26	06:45:00	97.0871	97.0900	97.0871	97.0900	185	0	35
2026.01.26	06:46:00	97.0907	97.0907	97.0777	97.0777	182	0	35
2026.01.26	06:47:00	97.0778	97.0778	97.0740	97.0740	173	0	35
2026.01.26	06:48:00	97.0734	97.0734	97.0706	97.0706	144	0	35
2026.01.26	06:49:00	97.0692	97.0733	97.0692	97.0733	114	0	35
2026.01.26	06:50:00	97.0746	97.1043	97.0746	97.1043	212	0	35
2026.01.26	06:51:00	97.1035	97.1078	97.1035	97.1078	147	0	37
2026.01.26	06:52:00	97.1047	97.1047	97.0941	97.0941	197	0	36
2026.01.26	06:53:00	97.0941	97.1088	97.0941	97.1088	137	0	35
2026.01.26	06:54:00	97.1083	97.1083	97.1044	97.1044	191	0	35
2026.01.26	06:55:00	97.1047	97.1121	97.1047	97.1121	187	0	36
2026.01.26	06:56:00	97.1127	97.1127	97.1115	97.1120	137	0	33
2026.01.26	06:57:00	97.1123	97.1146	97.1123	97.1146	131	0	33
2026.01.26	06:58:00	97.1144	97.1144	97.1065	97.1065	214	0	35
2026.01.26	06:59:00	97.1050	97.1151	97.1050	97.1151	175	0	36
2026.01.26	07:00:00	97.1163	97.1163	97.1066	97.1066	181	0	35
2026.01.26	07:01:00	97.1066	97.1066	97.0943	97.0943	231	0	35
2026.01.26	07:02:00	97.0945	97.1003	97.0945	97.1003	154	0	35
2026.01.26	07:03:00	97.1031	97.1067	97.1031	97.1034	216	0	35
2026.01.26	07:04:00	97.1037	97.1103	97.1037	97.1103	99	0	33
2026.01.26	07:05:00	97.1104	97.1104	97.1061	97.1061	129	0	35
2026.01.26	07:06:00	97.1055	97.1183	97.1055	97.1183	191	0	32
2026.01.26	07:07:00	97.1172	97.1184	97.1170	97.1170	185	0	32
2026.01.26	07:08:00	97.1164	97.1164	97.1039	97.1039	167	0	33
2026.01.26	07:09:00	97.1028	97.1051	97.1028	97.1051	110	0	36
2026.01.26	07:10:00	97.1062	97.1139	97.1062	97.1139	200	0	32
2026.01.26	07:11:00	97.1144	97.1144	97.1122	97.1122	133	0	35
2026.01.26	07:12:00	97.1117	97.1194	97.1117	97.1194	145	0	36
2026.01.26	07:13:00	97.1193	97.1193	97.1168	97.1168	146	0	36
2026.01.26	07:14:00	97.1165	97.1165	97.1139	97.1139	106	0	36
2026.01.26	07:15:00	97.1144	97.1242	97.1144	97.1242	120	0	35
2026.01.26	07:16:00	97.1243	97.1243	97.1199	97.1199	183	0	36
2026.01.26	07:17:00	97.1204	97.1204	97.1118	97.1118	140	0	33
2026.01.26	07:18:00	97.1116	97.1116	97.1100	97.1100	158	0	36
2026.01.26	07:19:00	97.1096	97.1116	97.1096	97.1115	156	0	32
2026.01.26	07:20:00	97.1114	97.1114	97.1055	97.1055	186	0	35
2026.01.26	07:21:00	97.1055	97.1058	97.1055	97.1058	197	0	35
2026.01.26	07:22:00	97.1033	97.1033	97.0914	97.0914	171	0	35
2026.01.26	07:23:00	97.0910	97.0910	97.0726	97.0726	187	0	35
2026.01.26	07:24:00	97.0718	97.0789	97.0718	97.0789	143	0	36
2026.01.26	07:25:00	97.0784	97.0793	97.0784	97.0793	146	0	33
2026.01.26	07:26:00	97.0800	97.0800	97.0611	97.0611	204	0	33
2026.01.26	07:27:00	97.0597	97.0597	97.0397	97.0397	189	0	33
2026.01.26	07:28:00	97.0402	97.0555	97.0402	97.0555	226	0	36
2026.01.26	07:29:00	97.0541	97.0545	97.0532	97.0532	113	0	35
2026.01.26	07:30:00	97.0534	97.0555	97.0534	97.0544	209	0	35
2026.01.26	07:31:00	97.0544	97.0659	97.0544	97.0659	180	0	36
2026.01.26	07:32:00	97.0660	97.0807	97.0660	97.0807	216	0	33
2026.01.26	07:33:00	97.0798	97.0798	97.0762	97.0762	177	0	36
2026.01.26	07:34:00	97.0762	97.0762	97.0732	97.0751	151	0	32
2026.01.26	07:35:00	97.0738	97.0751	97.0738	97.0751	147	0	34
2026.01.26	07:36:00	97.0763	97.0844	97.0763	97.0844	149	0	36
2026.01.26	07:37:00	97.0847	97.0847	97.0813	97.0813	139	0	35
2026.01.26	07:38:00	97.0809	97.0809	97.0778	97.0778	172	0	36
2026.01.26	07:39:00	97.0784	97.0784	97.0684	97.0684	126	0	35
2026.01.26	07:40:00	97.0678	97.0689	97.0678	97.0689	169	0	32
2026.01.26	07:41:00	97.0689	97.0758	97.0689	97.0758	170	0	33
2026.01.26	07:42:00	97.0748	97.0817	97.0748	97.0817	158	0	36
2026.01.26	07:43:00	97.0840	97.0840	97.0803	97.0803	165	0	35
2026.01.26	07:44:00	97.0799	97.0799	97.0763	97.0763	159	0	35
2026.01.26	07:45:00	97.0769	97.0807	97.0769	97.0807	131	0	36
2026.01.26	07:46:00	97.0809	97.0816	97.0801	97.0816	159	0	36
2026.01.26	07:47:00	97.0812	97.0817	97.0812	97.0817	140	0	37
2026.01.26	07:48:00	97.0822	97.0914	97.0822	97.0914	147	0	37
2026.01.26	07:49:00	97.0907	97.0907	97.0871	97.0871	138	0	36
2026.01.26	07:50:00	97.0879	97.0879	97.0844	97.0844	206	0	36
2026.01.26	07:51:00	97.0844	97.0844	97.0804	97.0804	192	0	37
2026.01.26	07:52:00	97.0810	97.0810	97.0664	97.0664	212	0	35
2026.01.26	07:53:00	97.0663	97.0854	97.0663	97.0854	178	0	34
2026.01.26	07:54:00	97.0854	97.0883	97.0843	97.0843	227	0	39
2026.01.26	07:55:00	97.0841	97.0841	97.0779	97.0779	185	0	36
2026.01.26	07:56:00	97.0763	97.0763	97.0720	97.0720	211	0	33
2026.01.26	07:57:00	97.0724	97.0734	97.0724	97.0732	135	0	32
2026.01.26	07:58:00	97.0741	97.0751	97.0714	97.0751	246	0	33
2026.01.26	07:59:00	97.0745	97.0836	97.0745	97.0836	189	0	35
2026.01.26	08:00:00	97.0844	97.0935	97.0844	97.0935	288	0	30
2026.01.26	08:01:00	97.0922	97.0922	97.0875	97.0875	294	0	31
2026.01.26	08:02:00	97.0874	97.0884	97.0874	97.0884	177	0	34
2026.01.26	08:03:00	97.0875	97.0875	97.0872	97.0872	152	0	33
2026.01.26	08:04:00	97.0880	97.0930	97.0880	97.0930	149	0	32
2026.01.26	08:05:00	97.0934	97.0934	97.0932	97.0932	117	0	33
2026.01.26	08:06:00	97.0933	97.0933	97.0834	97.0834	214	0	33
2026.01.26	08:07:00	97.0842	97.1117	97.0842	97.1117	269	0	30
2026.01.26	08:08:00	97.1120	97.1404	97.1120	97.1404	305	0	27
2026.01.26	08:09:00	97.1405	97.1568	97.1405	97.1568	371	0	31
2026.01.26	08:10:00	97.1563	97.1567	97.1551	97.1551	286	0	32
2026.01.26	08:11:00	97.1557	97.1668	97.1557	97.1668	298	0	33
2026.01.26	08:12:00	97.1669	97.1685	97.1669	97.1685	288	0	33
2026.01.26	08:13:00	97.1681	97.1695	97.1681	97.1692	247	0	33
2026.01.26	08:14:00	97.1691	97.1865	97.1691	97.1865	311	0	33
2026.01.26	08:15:00	97.1863	97.1965	97.1863	97.1965	258	0	32
2026.01.26	08:16:00	97.1964	97.1964	97.1778	97.1778	243	0	32
2026.01.26	08:17:00	97.1774	97.1774	97.1754	97.1754	258	0	33
2026.01.26	08:18:00	97.1757	97.1780	97.1757	97.1780	178	0	32
2026.01.26	08:19:00	97.1776	97.1776	97.1553	97.1553	233	0	32
2026.01.26	08:20:00	97.1554	97.1554	97.1479	97.1479	184	0	31
2026.01.26	08:21:00	97.1504	97.1543	97.1504	97.1543	186	0	32
2026.01.26	08:22:00	97.1541	97.1541	97.1508	97.1508	118	0	33
2026.01.26	08:23:00	97.1502	97.1607	97.1502	97.1607	170	0	33
2026.01.26	08:24:00	97.1614	97.1614	97.1612	97.1612	227	0	32
2026.01.26	08:25:00	97.1604	97.1604	97.1425	97.1425	211	0	35
2026.01.26	08:26:00	97.1439	97.1467	97.1439	97.1467	222	0	35
2026.01.26	08:27:00	97.1462	97.1462	97.1430	97.1430	153	0	35
2026.01.26	08:28:00	97.1437	97.1437	97.1405	97.1405	277	0	35
2026.01.26	08:29:00	97.1407	97.1407	97.1386	97.1386	211	0	35
2026.01.26	08:30:00	97.1384	97.1384	97.1192	97.1192	350	0	32
2026.01.26	08:31:00	97.1195	97.1249	97.1195	97.1249	211	0	32
2026.01.26	08:32:00	97.1254	97.1254	97.1179	97.1179	230	0	32
2026.01.26	08:33:00	97.1161	97.1161	97.1138	97.1138	144	0	32
2026.01.26	08:34:00	97.1139	97.1278	97.1139	97.1278	168	0	34
2026.01.26	08:35:00	97.1281	97.1281	97.1239	97.1239	178	0	33
2026.01.26	08:36:00	97.1237	97.1237	97.1063	97.1063	207	0	30
2026.01.26	08:37:00	97.1061	97.1130	97.1061	97.1130	189	0	32
2026.01.26	08:38:00	97.1125	97.1125	97.1119	97.1119	206	0	32
2026.01.26	08:39:00	97.1114	97.1114	97.1036	97.1036	227	0	33
2026.01.26	08:40:00	97.1053	97.1099	97.1053	97.1099	162	0	33
2026.01.26	08:41:00	97.1099	97.1121	97.1099	97.1121	177	0	32
2026.01.26	08:42:00	97.1123	97.1132	97.1088	97.1088	246	0	33
2026.01.26	08:43:00	97.1086	97.1131	97.1086	97.1131	220	0	33
2026.01.26	08:44:00	97.1139	97.1139	97.1082	97.1082	173	0	33
2026.01.26	08:45:00	97.1081	97.1081	97.0988	97.0988	336	0	32
2026.01.26	08:46:00	97.0991	97.1095	97.0991	97.1095	225	0	35
2026.01.26	08:47:00	97.1107	97.1206	97.1107	97.1206	240	0	35
2026.01.26	08:48:00	97.1199	97.1217	97.1185	97.1185	227	0	33
2026.01.26	08:49:00	97.1179	97.1179	97.1157	97.1157	151	0	32
2026.01.26	08:50:00	97.1127	97.1127	97.1106	97.1121	283	0	30
2026.01.26	08:51:00	97.1120	97.1120	97.1098	97.1098	157	0	32
2026.01.26	08:52:00	97.1097	97.1140	97.1097	97.1140	192	0	32
2026.01.26	08:53:00	97.1145	97.1154	97.1145	97.1146	206	0	33
2026.01.26	08:54:00	97.1150	97.1269	97.1150	97.1269	164	0	32
2026.01.26	08:55:00	97.1269	97.1335	97.1269	97.1335	255	0	33
2026.01.26	08:56:00	97.1330	97.1330	97.1308	97.1308	239	0	34
2026.01.26	08:57:00	97.1309	97.1446	97.1309	97.1446	168	0	33
2026.01.26	08:58:00	97.1458	97.1728	97.1458	97.1728	331	0	33
2026.01.26	08:59:00	97.1731	97.1767	97.1731	97.1767	226	0	32
2026.01.26	09:00:00	97.1772	97.1772	97.1761	97.1761	440	0	27
2026.01.26	09:01:00	97.1775	97.1775	97.1757	97.1757	393	0	27
2026.01.26	09:02:00	97.1756	97.1756	97.1563	97.1563	392	0	27
2026.01.26	09:03:00	97.1566	97.1566	97.1446	97.1446	283	0	26
2026.01.26	09:04:00	97.1449	97.1473	97.1449	97.1473	241	0	24
2026.01.26	09:05:00	97.1465	97.1480	97.1429	97.1429	244	0	24
2026.01.26	09:06:00	97.1427	97.1427	97.1387	97.1422	291	0	24
2026.01.26	09:07:00	97.1417	97.1428	97.1417	97.1428	400	0	26
2026.01.26	09:08:00	97.1438	97.1438	97.1253	97.1253	320	0	27
2026.01.26	09:09:00	97.1267	97.1267	97.1148	97.1148	294	0	23
2026.01.26	09:10:00	97.1136	97.1136	97.0986	97.0986	349	0	26
2026.01.26	09:11:00	97.0987	97.1063	97.0987	97.1063	305	0	26
2026.01.26	09:12:00	97.1072	97.1263	97.1072	97.1263	287	0	26
2026.01.26	09:13:00	97.1262	97.1365	97.1262	97.1365	235	0	27
2026.01.26	09:14:00	97.1358	97.1502	97.1358	97.1502	218	0	27
2026.01.26	09:15:00	97.1504	97.1504	97.1439	97.1439	319	0	26
2026.01.26	09:16:00	97.1439	97.1439	97.1299	97.1299	265	0	25
2026.01.26	09:17:00	97.1294	97.1294	97.1179	97.1179	225	0	26
2026.01.26	09:18:00	97.1183	97.1223	97.1183	97.1223	208	0	26
2026.01.26	09:19:00	97.1222	97.1290	97.1222	97.1290	213	0	26
2026.01.26	09:20:00	97.1301	97.1301	97.1140	97.1140	287	0	22
2026.01.26	09:21:00	97.1121	97.1121	97.1049	97.1049	252	0	26
2026.01.26	09:22:00	97.1037	97.1367	97.1037	97.1367	339	0	26
2026.01.26	09:23:00	97.1369	97.1369	97.1341	97.1341	306	0	26
2026.01.26	09:24:00	97.1335	97.1335	97.1319	97.1331	341	0	27
2026.01.26	09:25:00	97.1328	97.1328	97.1159	97.1159	290	0	27
2026.01.26	09:26:00	97.1154	97.1154	97.0896	97.0896	407	0	26
2026.01.26	09:27:00	97.0894	97.0894	97.0845	97.0845	296	0	24
2026.01.26	09:28:00	97.0850	97.1058	97.0850	97.1058	303	0	26
2026.01.26	09:29:00	97.1058	97.1058	97.0963	97.0963	258	0	26
2026.01.26	09:30:00	97.0950	97.1215	97.0950	97.1215	447	0	27
2026.01.26	09:31:00	97.1211	97.1361	97.1211	97.1361	359	0	28
2026.01.26	09:32:00	97.1344	97.1535	97.1344	97.1535	362	0	28
2026.01.26	09:33:00	97.1524	97.1524	97.1278	97.1278	360	0	27
2026.01.26	09:34:00	97.1272	97.1393	97.1272	97.1393	325	0	26
2026.01.26	09:35:00	97.1398	97.1441	97.1398	97.1441	257	0	24
2026.01.26	09:36:00	97.1433	97.1480	97.1403	97.1480	302	0	26
2026.01.26	09:37:00	97.1474	97.1539	97.1474	97.1539	216	0	27
2026.01.26	09:38:00	97.1537	97.1670	97.1537	97.1670	281	0	26
2026.01.26	09:39:00	97.1671	97.1794	97.1671	97.1794	347	0	22
2026.01.26	09:40:00	97.1793	97.1961	97.1793	97.1961	381	0	27
2026.01.26	09:41:00	97.1959	97.1969	97.1938	97.1969	359	0	26
2026.01.26	09:42:00	97.1970	97.1970	97.1941	97.1941	378	0	21
2026.01.26	09:43:00	97.1947	97.1958	97.1936	97.1958	261	0	24
2026.01.26	09:44:00	97.1962	97.1962	97.1862	97.1862	353	0	26
2026.01.26	09:45:00	97.1861	97.1967	97.1861	97.1967	283	0	26
2026.01.26	09:46:00	97.1972	97.2066	97.1972	97.2066	323	0	27
2026.01.26	09:47:00	97.2073	97.2073	97.1994	97.1994	295	0	27
2026.01.26	09:48:00	97.1985	97.2080	97.1985	97.2080	328	0	23
2026.01.26	09:49:00	97.2081	97.2081	97.1869	97.1869	347	0	26
2026.01.26	09:50:00	97.1869	97.1934	97.1869	97.1934	305	0	26
2026.01.26	09:51:00	97.1938	97.1953	97.1938	97.1953	243	0	26
2026.01.26	09:52:00	97.1956	97.2268	97.1956	97.2268	368	0	27
2026.01.26	09:53:00	97.2262	97.2340	97.2262	97.2340	390	0	28
2026.01.26	09:54:00	97.2338	97.2338	97.2203	97.2203	324	0	26
2026.01.26	09:55:00	97.2196	97.2498	97.2196	97.2498	402	0	25
2026.01.26	09:56:00	97.2499	97.2770	97.2499	97.2770	584	0	26
2026.01.26	09:57:00	97.2759	97.2759	97.2672	97.2672	498	0	23
2026.01.26	09:58:00	97.2675	97.2675	97.2620	97.2620	442	0	27
2026.01.26	09:59:00	97.2622	97.2689	97.2622	97.2689	452	0	27
2026.01.26	10:00:00	97.2695	97.2695	97.2448	97.2448	580	0	24
2026.01.26	10:01:00	97.2440	97.2440	97.2037	97.2037	515	0	24
2026.01.26	10:02:00	97.2046	97.2368	97.2046	97.2368	522	0	22
2026.01.26	10:03:00	97.2367	97.2377	97.2362	97.2377	418	0	24
2026.01.26	10:04:00	97.2380	97.2380	97.2233	97.2233	343	0	26
2026.01.26	10:05:00	97.2228	97.2228	97.2184	97.2184	398	0	26
2026.01.26	10:06:00	97.2201	97.2201	97.2123	97.2123	318	0	27
2026.01.26	10:07:00	97.2130	97.2130	97.2089	97.2089	294	0	24
2026.01.26	10:08:00	97.2085	97.2413	97.2085	97.2413	370	0	26
2026.01.26	10:09:00	97.2400	97.2400	97.2358	97.2358	382	0	24
2026.01.26	10:10:00	97.2344	97.2344	97.2194	97.2194	370	0	24
2026.01.26	10:11:00	97.2188	97.2188	97.2137	97.2144	415	0	24
2026.01.26	10:12:00	97.2148	97.2148	97.1869	97.1869	471	0	26
2026.01.26	10:13:00	97.1868	97.2067	97.1868	97.2067	329	0	26
2026.01.26	10:14:00	97.2075	97.2148	97.2075	97.2148	281	0	27
2026.01.26	10:15:00	97.2148	97.2217	97.2148	97.2217	313	0	26
2026.01.26	10:16:00	97.2213	97.2316	97.2213	97.2316	329	0	24
2026.01.26	10:17:00	97.2332	97.2332	97.2323	97.2323	274	0	26
2026.01.26	10:18:00	97.2327	97.2491	97.2327	97.2491	298	0	27
2026.01.26	10:19:00	97.2489	97.2489	97.2359	97.2359	294	0	27
2026.01.26	10:20:00	97.2359	97.2388	97.2359	97.2388	291	0	26
2026.01.26	10:21:00	97.2373	97.2464	97.2373	97.2464	300	0	26
2026.01.26	10:22:00	97.2465	97.2465	97.2394	97.2394	277	0	23
2026.01.26	10:23:00	97.2395	97.2395	97.2280	97.2280	269	0	27
2026.01.26	10:24:00	97.2279	97.2397	97.2279	97.2397	364	0	26
2026.01.26	10:25:00	97.2416	97.2416	97.2318	97.2318	464	0	21
2026.01.26	10:26:00	97.2315	97.2315	97.2045	97.2045	382	0	24
2026.01.26	10:27:00	97.2042	97.2042	97.1991	97.1992	353	0	24
2026.01.26	10:28:00	97.1995	97.1995	97.1978	97.1978	376	0	26
2026.01.26	10:29:00	97.1975	97.1975	97.1866	97.1866	378	0	26
2026.01.26	10:30:00	97.1868	97.1868	97.1668	97.1668	323	0	26
2026.01.26	10:31:00	97.1685	97.1703	97.1665	97.1703	406	0	24
2026.01.26	10:32:00	97.1689	97.1689	97.1479	97.1479	368	0	23
2026.01.26	10:33:00	97.1481	97.1481	97.1288	97.1288	462	0	24
2026.01.26	10:34:00	97.1294	97.1294	97.1135	97.1135	406	0	22
2026.01.26	10:35:00	97.1137	97.1137	97.0669	97.0669	496	0	26
2026.01.26	10:36:00	97.0654	97.0891	97.0654	97.0891	556	0	27
2026.01.26	10:37:00	97.0906	97.0973	97.0906	97.0968	479	0	27
2026.01.26	10:38:00	97.0969	97.1160	97.0969	97.1160	462	0	27
2026.01.26	10:39:00	97.1163	97.1332	97.1163	97.1332	441	0	27
2026.01.26	10:40:00	97.1323	97.1499	97.1323	97.1499	475	0	27
2026.01.26	10:41:00	97.1498	97.1498	97.1434	97.1434	436	0	27
2026.01.26	10:42:00	97.1446	97.1587	97.1446	97.1587	424	0	27
2026.01.26	10:43:00	97.1598	97.1694	97.1598	97.1694	370	0	27
2026.01.26	10:44:00	97.1702	97.1702	97.1639	97.1639	309	0	26
2026.01.26	10:45:00	97.1640	97.1653	97.1640	97.1653	387	0	27
2026.01.26	10:46:00	97.1652	97.1652	97.1317	97.1317	452	0	27
2026.01.26	10:47:00	97.1316	97.1409	97.1316	97.1409	422	0	26
2026.01.26	10:48:00	97.1399	97.1399	97.1268	97.1268	386	0	26
2026.01.26	10:49:00	97.1268	97.1407	97.1268	97.1407	415	0	26
2026.01.26	10:50:00	97.1408	97.1408	97.1266	97.1266	380	0	26
2026.01.26	10:51:00	97.1271	97.1271	97.1205	97.1205	383	0	22
2026.01.26	10:52:00	97.1200	97.1274	97.1200	97.1274	297	0	27
2026.01.26	10:53:00	97.1264	97.1264	97.1207	97.1207	345	0	26
2026.01.26	10:54:00	97.1205	97.1205	97.1148	97.1148	337	0	27
2026.01.26	10:55:00	97.1141	97.1228	97.1141	97.1228	340	0	26
2026.01.26	10:56:00	97.1227	97.1227	97.1133	97.1133	316	0	24
2026.01.26	10:57:00	97.1128	97.1202	97.1128	97.1202	187	0	26
2026.01.26	10:58:00	97.1199	97.1280	97.1199	97.1280	179	0	24
2026.01.26	10:59:00	97.1270	97.1386	97.1270	97.1386	253	0	27
2026.01.26	11:00:00	97.1376	97.1790	97.1376	97.1790	489	0	22
2026.01.26	11:01:00	97.1774	97.1774	97.1551	97.1551	486	0	26
2026.01.26	11:02:00	97.1542	97.1571	97.1485	97.1485	617	0	20
2026.01.26	11:03:00	97.1472	97.1536	97.1421	97.1536	440	0	24
2026.01.26	11:04:00	97.1529	97.1634	97.1529	97.1634	544	0	22
2026.01.26	11:05:00	97.1629	97.1629	97.1451	97.1451	389	0	26
2026.01.26	11:06:00	97.1455	97.1455	97.1269	97.1269	316	0	24
2026.01.26	11:07:00	97.1264	97.1264	97.1154	97.1154	354	0	26
2026.01.26	11:08:00	97.1155	97.1373	97.1155	97.1373	301	0	24
2026.01.26	11:09:00	97.1376	97.1544	97.1376	97.1544	419	0	28
2026.01.26	11:10:00	97.1542	97.1650	97.1542	97.1650	404	0	26
2026.01.26	11:11:00	97.1667	97.1667	97.1649	97.1649	353	0	24
2026.01.26	11:12:00	97.1654	97.1816	97.1654	97.1816	358	0	24
2026.01.26	11:13:00	97.1814	97.1814	97.1744	97.1744	331	0	26
2026.01.26	11:14:00	97.1744	97.1845	97.1744	97.1845	420	0	26
2026.01.26	11:15:00	97.1845	97.2049	97.1845	97.2049	414	0	25
2026.01.26	11:16:00	97.2043	97.2043	97.1908	97.1908	361	0	26
2026.01.26	11:17:00	97.1899	97.1899	97.1833	97.1833	333	0	26
2026.01.26	11:18:00	97.1835	97.1835	97.1658	97.1658	282	0	26
2026.01.26	11:19:00	97.1658	97.1658	97.1637	97.1637	233	0	26
2026.01.26	11:20:00	97.1640	97.1640	97.1338	97.1338	327	0	26
2026.01.26	11:21:00	97.1326	97.1355	97.1322	97.1322	290	0	27
2026.01.26	11:22:00	97.1330	97.1330	97.1187	97.1187	301	0	26
2026.01.26	11:23:00	97.1191	97.1191	97.1171	97.1171	235	0	26
2026.01.26	11:24:00	97.1172	97.1172	97.1044	97.1044	305	0	27
2026.01.26	11:25:00	97.1042	97.1042	97.0964	97.0964	263	0	26
2026.01.26	11:26:00	97.0959	97.1007	97.0959	97.1007	268	0	26
2026.01.26	11:27:00	97.1004	97.1004	97.0757	97.0757	324	0	20
2026.01.26	11:28:00	97.0763	97.0891	97.0763	97.0891	374	0	24
2026.01.26	11:29:00	97.0894	97.0894	97.0675	97.0675	354	0	26
2026.01.26	11:30:00	97.0672	97.0737	97.0672	97.0737	293	0	24
2026.01.26	11:31:00	97.0733	97.0733	97.0575	97.0575	318	0	24
2026.01.26	11:32:00	97.0577	97.0682	97.0577	97.0682	383	0	26
2026.01.26	11:33:00	97.0681	97.0681	97.0504	97.0504	354	0	26
2026.01.26	11:34:00	97.0494	97.0494	97.0489	97.0489	350	0	26
2026.01.26	11:35:00	97.0484	97.0518	97.0484	97.0493	283	0	24
2026.01.26	11:36:00	97.0508	97.0588	97.0508	97.0588	289	0	26
2026.01.26	11:37:00	97.0586	97.0642	97.0586	97.0642	263	0	24
2026.01.26	11:38:00	97.0644	97.0644	97.0620	97.0620	253	0	24
2026.01.26	11:39:00	97.0624	97.0772	97.0624	97.0772	328	0	24
2026.01.26	11:40:00	97.0761	97.0795	97.0761	97.0795	348	0	24
2026.01.26	11:41:00	97.0785	97.0785	97.0658	97.0658	339	0	26
2026.01.26	11:42:00	97.0663	97.0663	97.0492	97.0492	351	0	26
2026.01.26	11:43:00	97.0500	97.0500	97.0276	97.0276	381	0	22
2026.01.26	11:44:00	97.0280	97.0280	97.0247	97.0247	276	0	27
2026.01.26	11:45:00	97.0251	97.0458	97.0251	97.0458	321	0	23
2026.01.26	11:46:00	97.0454	97.0454	97.0330	97.0330	290	0	26
2026.01.26	11:47:00	97.0329	97.0409	97.0329	97.0409	270	0	26
2026.01.26	11:48:00	97.0409	97.0409	97.0387	97.0389	247	0	26
2026.01.26	11:49:00	97.0392	97.0421	97.0392	97.0421	381	0	26
2026.01.26	11:50:00	97.0418	97.0550	97.0418	97.0550	296	0	25
2026.01.26	11:51:00	97.0570	97.0570	97.0345	97.0345	394	0	26
2026.01.26	11:52:00	97.0349	97.0467	97.0349	97.0467	291	0	27
2026.01.26	11:53:00	97.0462	97.0627	97.0462	97.0627	333	0	26
2026.01.26	11:54:00	97.0628	97.0679	97.0621	97.0679	302	0	26
2026.01.26	11:55:00	97.0678	97.0678	97.0625	97.0625	270	0	27
2026.01.26	11:56:00	97.0618	97.0618	97.0591	97.0591	298	0	26
2026.01.26	11:57:00	97.0593	97.0830	97.0593	97.0830	431	0	27
2026.01.26	11:58:00	97.0837	97.0837	97.0700	97.0700	372	0	24
2026.01.26	11:59:00	97.0686	97.0686	97.0558	97.0558	306	0	26
2026.01.26	12:00:00	97.0539	97.0539	97.0487	97.0487	355	0	24
2026.01.26	12:01:00	97.0485	97.0645	97.0485	97.0645	301	0	27
2026.01.26	12:02:00	97.0649	97.0793	97.0649	97.0793	320	0	26
2026.01.26	12:03:00	97.0800	97.0800	97.0753	97.0753	249	0	26
2026.01.26	12:04:00	97.0753	97.0753	97.0749	97.0749	244	0	26
2026.01.26	12:05:00	97.0749	97.0797	97.0749	97.0797	236	0	27
2026.01.26	12:06:00	97.0777	97.0777	97.0676	97.0676	218	0	26
2026.01.26	12:07:00	97.0678	97.0758	97.0678	97.0758	239	0	27
2026.01.26	12:08:00	97.0739	97.0806	97.0739	97.0806	201	0	24
2026.01.26	12:09:00	97.0814	97.0952	97.0814	97.0952	325	0	24
2026.01.26	12:10:00	97.0952	97.1112	97.0952	97.1112	354	0	24
2026.01.26	12:11:00	97.1115	97.1115	97.1053	97.1053	290	0	20
2026.01.26	12:12:00	97.1051	97.1051	97.0920	97.0920	326	0	27
2026.01.26	12:13:00	97.0918	97.0953	97.0918	97.0953	289	0	28
2026.01.26	12:14:00	97.0949	97.1024	97.0949	97.1024	244	0	26
2026.01.26	12:15:00	97.1028	97.1028	97.0881	97.0881	332	0	24
2026.01.26	12:16:00	97.0883	97.0891	97.0883	97.0889	258	0	27
2026.01.26	12:17:00	97.0884	97.0931	97.0884	97.0931	163	0	26
2026.01.26	12:18:00	97.0939	97.0964	97.0939	97.0943	232	0	24
2026.01.26	12:19:00	97.0930	97.0930	97.0828	97.0828	202	0	24
2026.01.26	12:20:00	97.0828	97.0828	97.0654	97.0654	305	0	24
2026.01.26	12:21:00	97.0664	97.0664	97.0542	97.0542	228	0	26
2026.01.26	12:22:00	97.0543	97.0616	97.0543	97.0616	209	0	24
2026.01.26	12:23:00	97.0625	97.0742	97.0625	97.0742	208	0	24
2026.01.26	12:24:00	97.0741	97.0745	97.0741	97.0744	269	0	27
2026.01.26	12:25:00	97.0741	97.0741	97.0718	97.0718	195	0	28
2026.01.26	12:26:00	97.0719	97.0719	97.0572	97.0572	214	0	26
2026.01.26	12:27:00	97.0570	97.0570	97.0508	97.0508	241	0	26
2026.01.26	12:28:00	97.0505	97.0540	97.0505	97.0540	332	0	26
2026.01.26	12:29:00	97.0538	97.0692	97.0538	97.0692	269	0	26
2026.01.26	12:30:00	97.0688	97.0719	97.0688	97.0707	202	0	27
2026.01.26	12:31:00	97.0715	97.0717	97.0715	97.0717	254	0	25
2026.01.26	12:32:00	97.0724	97.0724	97.0701	97.0701	263	0	24
2026.01.26	12:33:00	97.0671	97.0881	97.0671	97.0881	305	0	26
2026.01.26	12:34:00	97.0885	97.0885	97.0814	97.0814	300	0	26
2026.01.26	12:35:00	97.0827	97.1000	97.0827	97.1000	264	0	26
2026.01.26	12:36:00	97.1004	97.1070	97.1004	97.1070	363	0	26
2026.01.26	12:37:00	97.1063	97.1063	97.1041	97.1041	258	0	26
2026.01.26	12:38:00	97.1042	97.1166	97.1042	97.1166	256	0	26
2026.01.26	12:39:00	97.1162	97.1176	97.1156	97.1156	266	0	26
2026.01.26	12:40:00	97.1156	97.1156	97.0966	97.0966	287	0	26
2026.01.26	12:41:00	97.0960	97.0960	97.0932	97.0932	231	0	24
2026.01.26	12:42:00	97.0932	97.0932	97.0819	97.0819	208	0	26
2026.01.26	12:43:00	97.0816	97.0848	97.0816	97.0848	234	0	26
2026.01.26	12:44:00	97.0845	97.0845	97.0804	97.0804	208	0	26
2026.01.26	12:45:00	97.0804	97.0804	97.0674	97.0674	245	0	25
2026.01.26	12:46:00	97.0678	97.0811	97.0678	97.0811	269	0	25
2026.01.26	12:47:00	97.0817	97.0817	97.0764	97.0764	278	0	25
2026.01.26	12:48:00	97.0761	97.0775	97.0761	97.0766	176	0	26
2026.01.26	12:49:00	97.0767	97.0772	97.0767	97.0772	171	0	26
2026.01.26	12:50:00	97.0771	97.0771	97.0589	97.0589	196	0	26
2026.01.26	12:51:00	97.0587	97.0898	97.0587	97.0898	286	0	26
2026.01.26	12:52:00	97.0897	97.0912	97.0889	97.0889	281	0	27
2026.01.26	12:53:00	97.0890	97.0905	97.0874	97.0874	299	0	26
2026.01.26	12:54:00	97.0879	97.0879	97.0836	97.0836	212	0	24
2026.01.26	12:55:00	97.0830	97.0830	97.0753	97.0753	275	0	26
2026.01.26	12:56:00	97.0772	97.0772	97.0684	97.0684	264	0	26
2026.01.26	12:57:00	97.0694	97.0754	97.0694	97.0754	209	0	24
2026.01.26	12:58:00	97.0751	97.0767	97.0751	97.0767	259	0	27
2026.01.26	12:59:00	97.0765	97.0765	97.0742	97.0742	215	0	26
2026.01.26	13:00:00	97.0738	97.0788	97.0738	97.0788	265	0	27
2026.01.26	13:01:00	97.0787	97.0981	97.0787	97.0981	226	0	23
2026.01.26	13:02:00	97.0988	97.1013	97.0988	97.1010	301	0	26
2026.01.26	13:03:00	97.0997	97.0997	97.0871	97.0871	282	0	25
2026.01.26	13:04:00	97.0867	97.0867	97.0863	97.0863	218	0	25
2026.01.26	13:05:00	97.0872	97.0872	97.0676	97.0676	320	0	26
2026.01.26	13:06:00	97.0683	97.0784	97.0683	97.0784	382	0	27
2026.01.26	13:07:00	97.0787	97.0998	97.0787	97.0998	248	0	24
2026.01.26	13:08:00	97.0999	97.1014	97.0999	97.1014	323	0	24
2026.01.26	13:09:00	97.1010	97.1039	97.1010	97.1039	269	0	26
2026.01.26	13:10:00	97.1039	97.1128	97.1039	97.1128	234	0	27
2026.01.26	13:11:00	97.1130	97.1130	97.1076	97.1076	212	0	24
2026.01.26	13:12:00	97.1075	97.1107	97.1068	97.1107	215	0	27
2026.01.26	13:13:00	97.1121	97.1185	97.1121	97.1185	236	0	24
2026.01.26	13:14:00	97.1190	97.1200	97.1182	97.1200	228	0	27
2026.01.26	13:15:00	97.1196	97.1201	97.1190	97.1196	245	0	24
2026.01.26	13:16:00	97.1195	97.1195	97.1038	97.1038	219	0	25
2026.01.26	13:17:00	97.1042	97.1120	97.1042	97.1120	199	0	27
2026.01.26	13:18:00	97.1118	97.1150	97.1111	97.1150	200	0	27
2026.01.26	13:19:00	97.1150	97.1202	97.1150	97.1202	261	0	27
2026.01.26	13:20:00	97.1202	97.1307	97.1202	97.1307	273	0	26
2026.01.26	13:21:00	97.1303	97.1303	97.1231	97.1231	228	0	26
2026.01.26	13:22:00	97.1227	97.1255	97.1227	97.1255	190	0	26
2026.01.26	13:23:00	97.1257	97.1396	97.1257	97.1396	173	0	24
2026.01.26	13:24:00	97.1395	97.1450	97.1395	97.1450	184	0	26
2026.01.26	13:25:00	97.1452	97.1452	97.1439	97.1439	197	0	24
2026.01.26	13:26:00	97.1439	97.1601	97.1439	97.1601	222	0	23
2026.01.26	13:27:00	97.1605	97.1636	97.1605	97.1636	288	0	26
2026.01.26	13:28:00	97.1633	97.1633	97.1521	97.1521	180	0	26
2026.01.26	13:29:00	97.1531	97.1531	97.1476	97.1476	256	0	26
2026.01.26	13:30:00	97.1469	97.1482	97.1447	97.1482	283	0	26
2026.01.26	13:31:00	97.1485	97.1581	97.1485	97.1581	234	0	24
2026.01.26	13:32:00	97.1585	97.1645	97.1585	97.1645	259	0	24
2026.01.26	13:33:00	97.1652	97.1652	97.1579	97.1579	179	0	26
2026.01.26	13:34:00	97.1578	97.1578	97.1511	97.1511	188	0	26
2026.01.26	13:35:00	97.1497	97.1497	97.1424	97.1424	190	0	27
2026.01.26	13:36:00	97.1420	97.1420	97.1204	97.1204	241	0	26
2026.01.26	13:37:00	97.1211	97.1211	97.1177	97.1177	201	0	26
2026.01.26	13:38:00	97.1190	97.1250	97.1190	97.1250	171	0	26
2026.01.26	13:39:00	97.1244	97.1255	97.1244	97.1255	233	0	27
2026.01.26	13:40:00	97.1264	97.1264	97.1196	97.1196	222	0	26
2026.01.26	13:41:00	97.1194	97.1213	97.1194	97.1213	173	0	26
2026.01.26	13:42:00	97.1207	97.1207	97.1137	97.1137	251	0	26
2026.01.26	13:43:00	97.1133	97.1176	97.1133	97.1156	256	0	24
2026.01.26	13:44:00	97.1150	97.1178	97.1120	97.1120	223	0	23
2026.01.26	13:45:00	97.1103	97.1119	97.1103	97.1119	225	0	26
2026.01.26	13:46:00	97.1126	97.1126	97.1077	97.1077	198	0	26
2026.01.26	13:47:00	97.1078	97.1139	97.1078	97.1108	209	0	23
2026.01.26	13:48:00	97.1101	97.1154	97.1101	97.1148	177	0	22
2026.01.26	13:49:00	97.1149	97.1213	97.1149	97.1213	203	0	26
2026.01.26	13:50:00	97.1216	97.1216	97.1112	97.1112	203	0	26
2026.01.26	13:51:00	97.1117	97.1117	97.1054	97.1054	265	0	26
2026.01.26	13:52:00	97.1058	97.1063	97.1027	97.1027	251	0	24
2026.01.26	13:53:00	97.1019	97.1023	97.1019	97.1023	262	0	23
2026.01.26	13:54:00	97.1023	97.1061	97.1023	97.1061	258	0	24
2026.01.26	13:55:00	97.1054	97.1150	97.1054	97.1150	254	0	26
2026.01.26	13:56:00	97.1157	97.1234	97.1157	97.1234	287	0	24
2026.01.26	13:57:00	97.1241	97.1241	97.1103	97.1103	359	0	24
2026.01.26	13:58:00	97.1109	97.1168	97.1109	97.1168	293	0	24
2026.01.26	13:59:00	97.1165	97.1199	97.1165	97.1199	251	0	24
2026.01.26	14:00:00	97.1206	97.1338	97.1206	97.1338	268	0	26
2026.01.26	14:01:00	97.1331	97.1331	97.1200	97.1200	286	0	26
2026.01.26	14:02:00	97.1207	97.1245	97.1207	97.1245	265	0	24
2026.01.26	14:03:00	97.1237	97.1273	97.1237	97.1273	203	0	24
2026.01.26	14:04:00	97.1273	97.1393	97.1273	97.1393	261	0	26
2026.01.26	14:05:00	97.1389	97.1389	97.1315	97.1315	215	0	26
2026.01.26	14:06:00	97.1327	97.1390	97.1327	97.1390	303	0	26
2026.01.26	14:07:00	97.1391	97.1405	97.1391	97.1405	262	0	26
2026.01.26	14:08:00	97.1408	97.1408	97.1375	97.1375	230	0	22
2026.01.26	14:09:00	97.1375	97.1427	97.1375	97.1427	262	0	26
2026.01.26	14:10:00	97.1440	97.1490	97.1440	97.1490	260	0	24
2026.01.26	14:11:00	97.1493	97.1571	97.1493	97.1571	266	0	23
2026.01.26	14:12:00	97.1579	97.1605	97.1573	97.1595	248	0	21
2026.01.26	14:13:00	97.1600	97.1600	97.1527	97.1527	282	0	24
2026.01.26	14:14:00	97.1531	97.1561	97.1531	97.1561	209	0	26
2026.01.26	14:15:00	97.1564	97.1577	97.1564	97.1577	256	0	26
2026.01.26	14:16:00	97.1577	97.1577	97.1515	97.1515	217	0	26
2026.01.26	14:17:00	97.1514	97.1514	97.1499	97.1499	227	0	26
2026.01.26	14:18:00	97.1508	97.1508	97.1496	97.1496	193	0	24
2026.01.26	14:19:00	97.1490	97.1491	97.1483	97.1491	228	0	24
2026.01.26	14:20:00	97.1490	97.1530	97.1490	97.1528	179	0	23
2026.01.26	14:21:00	97.1535	97.1535	97.1516	97.1516	220	0	26
2026.01.26	14:22:00	97.1518	97.1679	97.1518	97.1679	249	0	27
2026.01.26	14:23:00	97.1679	97.1811	97.1679	97.1811	335	0	27
2026.01.26	14:24:00	97.1810	97.1832	97.1810	97.1832	261	0	27
2026.01.26	14:25:00	97.1832	97.1968	97.1832	97.1968	296	0	27
2026.01.26	14:26:00	97.1970	97.1970	97.1942	97.1942	248	0	25
2026.01.26	14:27:00	97.1943	97.1952	97.1910	97.1952	225	0	27
2026.01.26	14:28:00	97.1920	97.1920	97.1886	97.1891	229	0	27
2026.01.26	14:29:00	97.1893	97.1941	97.1893	97.1941	245	0	23
2026.01.26	14:30:00	97.1939	97.2077	97.1939	97.2077	271	0	24
2026.01.26	14:31:00	97.2083	97.2184	97.2083	97.2184	275	0	22
2026.01.26	14:32:00	97.2186	97.2186	97.1979	97.1979	223	0	26
2026.01.26	14:33:00	97.1980	97.1980	97.1915	97.1915	247	0	26
2026.01.26	14:34:00	97.1909	97.1909	97.1908	97.1908	206	0	24
2026.01.26	14:35:00	97.1906	97.1906	97.1854	97.1854	208	0	26
2026.01.26	14:36:00	97.1853	97.1853	97.1765	97.1765	255	0	26
2026.01.26	14:37:00	97.1770	97.1827	97.1770	97.1823	207	0	26
2026.01.26	14:38:00	97.1836	97.1947	97.1836	97.1947	222	0	26
2026.01.26	14:39:00	97.1949	97.2019	97.1949	97.2019	184	0	24
2026.01.26	14:40:00	97.2014	97.2035	97.2014	97.2034	210	0	27
2026.01.26	14:41:00	97.2032	97.2191	97.2032	97.2191	201	0	24
2026.01.26	14:42:00	97.2191	97.2199	97.2188	97.2188	262	0	24
2026.01.26	14:43:00	97.2185	97.2185	97.2179	97.2179	240	0	27
2026.01.26	14:44:00	97.2176	97.2296	97.2176	97.2296	189	0	26
2026.01.26	14:45:00	97.2306	97.2343	97.2306	97.2343	242	0	26
2026.01.26	14:46:00	97.2350	97.2350	97.2319	97.2319	241	0	26
2026.01.26	14:47:00	97.2317	97.2395	97.2317	97.2395	188	0	26
2026.01.26	14:48:00	97.2387	97.2387	97.2285	97.2285	237	0	27
2026.01.26	14:49:00	97.2293	97.2468	97.2293	97.2468	229	0	26
2026.01.26	14:50:00	97.2460	97.2567	97.2460	97.2567	298	0	26
2026.01.26	14:51:00	97.2564	97.2564	97.2477	97.2477	301	0	27
2026.01.26	14:52:00	97.2480	97.2521	97.2480	97.2521	207	0	27
2026.01.26	14:53:00	97.2518	97.2630	97.2518	97.2630	240	0	26
2026.01.26	14:54:00	97.2631	97.2642	97.2617	97.2617	345	0	26
2026.01.26	14:55:00	97.2617	97.2668	97.2612	97.2668	298	0	26
2026.01.26	14:56:00	97.2672	97.2683	97.2663	97.2683	250	0	26
2026.01.26	14:57:00	97.2689	97.2689	97.2625	97.2625	304	0	24
2026.01.26	14:58:00	97.2621	97.2621	97.2598	97.2598	288	0	27
2026.01.26	14:59:00	97.2586	97.2586	97.2555	97.2555	219	0	27
2026.01.26	15:00:00	97.2561	97.2570	97.2561	97.2570	311	0	26
2026.01.26	15:01:00	97.2568	97.2843	97.2568	97.2843	287	0	26
2026.01.26	15:02:00	97.2851	97.3011	97.2851	97.3011	316	0	26
2026.01.26	15:03:00	97.3005	97.3047	97.3005	97.3047	447	0	24
2026.01.26	15:04:00	97.3046	97.3048	97.3043	97.3043	296	0	24
2026.01.26	15:05:00	97.3037	97.3170	97.3037	97.3170	303	0	26
2026.01.26	15:06:00	97.3170	97.3170	97.3111	97.3111	356	0	24
2026.01.26	15:07:00	97.3104	97.3213	97.3104	97.3213	380	0	26
2026.01.26	15:08:00	97.3213	97.3213	97.3141	97.3141	316	0	24
2026.01.26	15:09:00	97.3143	97.3182	97.3115	97.3182	308	0	26
2026.01.26	15:10:00	97.3177	97.3177	97.2903	97.2903	376	0	26
2026.01.26	15:11:00	97.2899	97.2899	97.2898	97.2898	290	0	27
2026.01.26	15:12:00	97.2903	97.2903	97.2840	97.2840	298	0	24
2026.01.26	15:13:00	97.2840	97.2840	97.2774	97.2774	219	0	26
2026.01.26	15:14:00	97.2770	97.2906	97.2770	97.2906	340	0	26
2026.01.26	15:15:00	97.2900	97.3007	97.2900	97.3007	220	0	26
2026.01.26	15:16:00	97.2999	97.3010	97.2999	97.3010	309	0	26
2026.01.26	15:17:00	97.3004	97.3004	97.2880	97.2880	287	0	26
2026.01.26	15:18:00	97.2874	97.2876	97.2874	97.2876	279	0	26
2026.01.26	15:19:00	97.2883	97.2888	97.2878	97.2878	314	0	24
2026.01.26	15:20:00	97.2845	97.2845	97.2701	97.2701	274	0	24
2026.01.26	15:21:00	97.2703	97.2703	97.2620	97.2620	234	0	26
2026.01.26	15:22:00	97.2633	97.2633	97.2569	97.2569	262	0	24
2026.01.26	15:23:00	97.2575	97.2575	97.2543	97.2543	239	0	27
2026.01.26	15:24:00	97.2541	97.2550	97.2536	97.2536	239	0	26
2026.01.26	15:25:00	97.2529	97.2529	97.2423	97.2423	229	0	27
2026.01.26	15:26:00	97.2428	97.2456	97.2428	97.2456	198	0	27
2026.01.26	15:27:00	97.2444	97.2444	97.2410	97.2426	187	0	24
2026.01.26	15:28:00	97.2427	97.2427	97.2375	97.2375	104	0	24
2026.01.26	15:29:00	97.2380	97.2459	97.2380	97.2459	157	0	22
2026.01.26	15:30:00	97.2450	97.2669	97.2450	97.2669	276	0	20
2026.01.26	15:31:00	97.2636	97.2636	97.2397	97.2397	261	0	24
2026.01.26	15:32:00	97.2402	97.2460	97.2402	97.2460	257	0	26
2026.01.26	15:33:00	97.2472	97.2533	97.2449	97.2533	342	0	24
2026.01.26	15:34:00	97.2532	97.2532	97.2433	97.2433	311	0	23
2026.01.26	15:35:00	97.2426	97.2426	97.2363	97.2407	308	0	23
2026.01.26	15:36:00	97.2406	97.2531	97.2406	97.2531	313	0	26
2026.01.26	15:37:00	97.2531	97.2531	97.2487	97.2513	255	0	26
2026.01.26	15:38:00	97.2511	97.2623	97.2511	97.2623	277	0	24
2026.01.26	15:39:00	97.2614	97.2614	97.2580	97.2598	294	0	22
2026.01.26	15:40:00	97.2592	97.2592	97.2441	97.2441	365	0	24
2026.01.26	15:41:00	97.2442	97.2442	97.2372	97.2372	320	0	23
2026.01.26	15:42:00	97.2370	97.2403	97.2370	97.2403	267	0	23
2026.01.26	15:43:00	97.2408	97.2408	97.2385	97.2385	291	0	24
2026.01.26	15:44:00	97.2391	97.2506	97.2391	97.2506	272	0	26
2026.01.26	15:45:00	97.2504	97.2504	97.2334	97.2334	341	0	22
2026.01.26	15:46:00	97.2336	97.2338	97.2336	97.2338	337	0	24
2026.01.26	15:47:00	97.2346	97.2346	97.2192	97.2192	365	0	23
2026.01.26	15:48:00	97.2193	97.2193	97.2052	97.2052	461	0	22
2026.01.26	15:49:00	97.2046	97.2046	97.2001	97.2001	263	0	24
2026.01.26	15:50:00	97.1998	97.2171	97.1998	97.2171	323	0	22
2026.01.26	15:51:00	97.2168	97.2168	97.1966	97.1966	363	0	24
2026.01.26	15:52:00	97.1965	97.1965	97.1740	97.1740	375	0	24
2026.01.26	15:53:00	97.1748	97.1795	97.1748	97.1795	309	0	26
2026.01.26	15:54:00	97.1796	97.1823	97.1796	97.1823	246	0	24
2026.01.26	15:55:00	97.1814	97.1814	97.1813	97.1813	327	0	25
2026.01.26	15:56:00	97.1814	97.1814	97.1734	97.1734	270	0	26
2026.01.26	15:57:00	97.1726	97.1726	97.1709	97.1716	231	0	24
2026.01.26	15:58:00	97.1713	97.1812	97.1713	97.1812	300	0	20
2026.01.26	15:59:00	97.1809	97.1809	97.1727	97.1727	336	0	25
2026.01.26	16:00:00	97.1712	97.1781	97.1712	97.1781	350	0	24
2026.01.26	16:01:00	97.1782	97.1877	97.1782	97.1877	320	0	25
2026.01.26	16:02:00	97.1878	97.1935	97.1878	97.1935	357	0	24
2026.01.26	16:03:00	97.1935	97.1935	97.1878	97.1878	298	0	24
2026.01.26	16:04:00	97.1875	97.1875	97.1822	97.1822	288	0	25
2026.01.26	16:05:00	97.1831	97.1831	97.1718	97.1718	282	0	24
2026.01.26	16:06:00	97.1720	97.1791	97.1720	97.1754	343	0	24
2026.01.26	16:07:00	97.1759	97.1759	97.1459	97.1459	444	0	24
2026.01.26	16:08:00	97.1457	97.1460	97.1451	97.1451	333	0	26
2026.01.26	16:09:00	97.1458	97.1523	97.1458	97.1523	293	0	24
2026.01.26	16:10:00	97.1512	97.1512	97.1425	97.1425	265	0	24
2026.01.26	16:11:00	97.1422	97.1543	97.1422	97.1543	280	0	22
2026.01.26	16:12:00	97.1544	97.1674	97.1544	97.1674	257	0	26
2026.01.26	16:13:00	97.1670	97.1670	97.1511	97.1511	361	0	26
2026.01.26	16:14:00	97.1516	97.1516	97.1483	97.1483	264	0	24
2026.01.26	16:15:00	97.1480	97.1525	97.1480	97.1525	333	0	24
2026.01.26	16:16:00	97.1536	97.1562	97.1536	97.1558	266	0	28
2026.01.26	16:17:00	97.1548	97.1548	97.1453	97.1453	357	0	21
2026.01.26	16:18:00	97.1438	97.1438	97.1389	97.1389	314	0	25
2026.01.26	16:19:00	97.1381	97.1381	97.1043	97.1043	387	0	23
2026.01.26	16:20:00	97.1036	97.1036	97.0944	97.0944	380	0	22
2026.01.26	16:21:00	97.0949	97.0949	97.0871	97.0871	313	0	25
2026.01.26	16:22:00	97.0881	97.0881	97.0836	97.0836	261	0	26
2026.01.26	16:23:00	97.0835	97.0835	97.0793	97.0793	311	0	26
2026.01.26	16:24:00	97.0792	97.0792	97.0745	97.0745	235	0	27
2026.01.26	16:25:00	97.0741	97.0812	97.0741	97.0812	296	0	27
2026.01.26	16:26:00	97.0816	97.0826	97.0816	97.0826	285	0	27
2026.01.26	16:27:00	97.0824	97.0824	97.0756	97.0756	227	0	26
2026.01.26	16:28:00	97.0755	97.0835	97.0755	97.0835	278	0	26
2026.01.26	16:29:00	97.0827	97.0838	97.0822	97.0822	325	0	27
2026.01.26	16:30:00	97.0809	97.0809	97.0707	97.0707	370	0	24
2026.01.26	16:31:00	97.0714	97.0822	97.0714	97.0822	431	0	26
2026.01.26	16:32:00	97.0820	97.0877	97.0800	97.0877	397	0	24
2026.01.26	16:33:00	97.0881	97.0881	97.0749	97.0749	325	0	26
2026.01.26	16:34:00	97.0747	97.0747	97.0491	97.0491	370	0	26
2026.01.26	16:35:00	97.0489	97.0629	97.0489	97.0629	317	0	23
2026.01.26	16:36:00	97.0631	97.0857	97.0631	97.0857	388	0	24
2026.01.26	16:37:00	97.0853	97.0853	97.0537	97.0537	379	0	24
2026.01.26	16:38:00	97.0535	97.0603	97.0535	97.0603	363	0	24
2026.01.26	16:39:00	97.0601	97.0601	97.0542	97.0542	347	0	25
2026.01.26	16:40:00	97.0541	97.0560	97.0487	97.0487	356	0	24
2026.01.26	16:41:00	97.0493	97.0548	97.0493	97.0538	302	0	28
2026.01.26	16:42:00	97.0539	97.0539	97.0373	97.0373	399	0	22
2026.01.26	16:43:00	97.0372	97.0372	97.0237	97.0237	424	0	26
2026.01.26	16:44:00	97.0242	97.0432	97.0242	97.0432	389	0	26
2026.01.26	16:45:00	97.0424	97.0424	97.0279	97.0279	387	0	23
2026.01.26	16:46:00	97.0279	97.0279	97.0062	97.0062	445	0	26
2026.01.26	16:47:00	97.0058	97.0317	97.0058	97.0317	370	0	27
2026.01.26	16:48:00	97.0323	97.0323	97.0157	97.0157	360	0	22
2026.01.26	16:49:00	97.0161	97.0161	96.9974	96.9974	440	0	23
2026.01.26	16:50:00	96.9976	97.0097	96.9976	97.0097	418	0	27
2026.01.26	16:51:00	97.0093	97.0093	96.9898	96.9898	499	0	23
2026.01.26	16:52:00	96.9895	96.9991	96.9895	96.9991	413	0	27
2026.01.26	16:53:00	96.9996	97.0127	96.9996	97.0127	383	0	27
2026.01.26	16:54:00	97.0133	97.0133	97.0060	97.0060	277	0	26
2026.01.26	16:55:00	97.0062	97.0062	97.0028	97.0028	396	0	22
2026.01.26	16:56:00	97.0022	97.0146	97.0022	97.0146	443	0	22
2026.01.26	16:57:00	97.0151	97.0151	97.0054	97.0054	365	0	22
2026.01.26	16:58:00	97.0056	97.0056	96.9849	96.9849	458	0	24
2026.01.26	16:59:00	96.9855	96.9855	96.9785	96.9785	424	0	26
2026.01.26	17:00:00	96.9781	96.9840	96.9781	96.9840	536	0	26
2026.01.26	17:01:00	96.9838	96.9867	96.9838	96.9867	343	0	24
2026.01.26	17:02:00	96.9868	96.9868	96.9806	96.9806	373	0	24
2026.01.26	17:03:00	96.9807	97.0054	96.9807	97.0054	473	0	24
2026.01.26	17:04:00	97.0053	97.0053	96.9989	96.9989	412	0	23
2026.01.26	17:05:00	97.0004	97.0220	97.0004	97.0220	548	0	26
2026.01.26	17:06:00	97.0232	97.0232	97.0146	97.0146	434	0	26
2026.01.26	17:07:00	97.0147	97.0147	97.0096	97.0096	417	0	23
2026.01.26	17:08:00	97.0094	97.0094	97.0011	97.0011	498	0	25
2026.01.26	17:09:00	97.0013	97.0014	97.0013	97.0014	386	0	24
2026.01.26	17:10:00	97.0020	97.0039	97.0020	97.0039	395	0	24
2026.01.26	17:11:00	97.0040	97.0061	97.0040	97.0061	307	0	24
2026.01.26	17:12:00	97.0045	97.0045	96.9999	96.9999	373	0	26
2026.01.26	17:13:00	97.0000	97.0026	97.0000	97.0026	354	0	23
2026.01.26	17:14:00	97.0020	97.0061	97.0020	97.0061	376	0	24
2026.01.26	17:15:00	97.0068	97.0068	97.0057	97.0057	331	0	26
2026.01.26	17:16:00	97.0060	97.0144	97.0060	97.0144	297	0	25
2026.01.26	17:17:00	97.0139	97.0275	97.0139	97.0275	354	0	24
2026.01.26	17:18:00	97.0277	97.0277	97.0059	97.0059	304	0	26
2026.01.26	17:19:00	97.0064	97.0126	97.0064	97.0126	401	0	24
2026.01.26	17:20:00	97.0122	97.0255	97.0122	97.0255	384	0	25
2026.01.26	17:21:00	97.0259	97.0276	97.0259	97.0276	386	0	22
2026.01.26	17:22:00	97.0278	97.0278	97.0108	97.0108	344	0	26
2026.01.26	17:23:00	97.0108	97.0108	97.0064	97.0069	264	0	24
2026.01.26	17:24:00	97.0069	97.0069	96.9881	96.9881	336	0	23
2026.01.26	17:25:00	96.9882	96.9892	96.9877	96.9892	342	0	26
2026.01.26	17:26:00	96.9892	96.9956	96.9892	96.9956	279	0	26
2026.01.26	17:27:00	96.9957	96.9957	96.9785	96.9785	332	0	24
2026.01.26	17:28:00	96.9783	96.9783	96.9769	96.9769	313	0	24
2026.01.26	17:29:00	96.9762	96.9762	96.9748	96.9748	347	0	24
2026.01.26	17:30:00	96.9754	96.9787	96.9733	96.9787	358	0	23
2026.01.26	17:31:00	96.9791	96.9791	96.9635	96.9635	324	0	22
2026.01.26	17:32:00	96.9634	96.9708	96.9634	96.9708	368	0	24
2026.01.26	17:33:00	96.9709	96.9738	96.9709	96.9738	521	0	24
2026.01.26	17:34:00	96.9738	96.9738	96.9663	96.9663	385	0	24
2026.01.26	17:35:00	96.9655	96.9655	96.9545	96.9545	361	0	24
2026.01.26	17:36:00	96.9550	96.9550	96.9422	96.9422	398	0	26
2026.01.26	17:37:00	96.9409	96.9409	96.9355	96.9365	423	0	24
2026.01.26	17:38:00	96.9360	96.9360	96.9333	96.9333	292	0	24
2026.01.26	17:39:00	96.9330	96.9330	96.9207	96.9207	300	0	26
2026.01.26	17:40:00	96.9181	96.9181	96.9135	96.9135	437	0	26
2026.01.26	17:41:00	96.9130	96.9281	96.9130	96.9281	398	0	24
2026.01.26	17:42:00	96.9287	96.9514	96.9287	96.9514	301	0	25
2026.01.26	17:43:00	96.9514	96.9514	96.9445	96.9445	395	0	24
2026.01.26	17:44:00	96.9454	96.9454	96.9387	96.9387	362	0	27
2026.01.26	17:45:00	96.9388	96.9388	96.9185	96.9185	332	0	25
2026.01.26	17:46:00	96.9184	96.9184	96.9063	96.9063	427	0	26
2026.01.26	17:47:00	96.9064	96.9064	96.8916	96.8916	387	0	24
2026.01.26	17:48:00	96.8915	96.9080	96.8915	96.9080	339	0	26
2026.01.26	17:49:00	96.9079	96.9079	96.8952	96.8952	343	0	24
2026.01.26	17:50:00	96.8951	96.8951	96.8929	96.8929	344	0	26
2026.01.26	17:51:00	96.8918	96.9019	96.8918	96.9019	467	0	27
2026.01.26	17:52:00	96.9001	96.9001	96.8931	96.8931	400	0	26
2026.01.26	17:53:00	96.8931	96.8931	96.8877	96.8877	415	0	24
2026.01.26	17:54:00	96.8879	96.8879	96.8843	96.8858	328	0	24
2026.01.26	17:55:00	96.8847	96.8847	96.8730	96.8730	426	0	24
2026.01.26	17:56:00	96.8728	96.8778	96.8728	96.8755	369	0	24
2026.01.26	17:57:00	96.8756	96.8768	96.8756	96.8768	669	0	24
2026.01.26	17:58:00	96.8775	96.8775	96.8731	96.8731	550	0	25
2026.01.26	17:59:00	96.8731	96.8753	96.8731	96.8753	333	0	24
2026.01.26	18:00:00	96.8763	96.8763	96.8727	96.8727	335	0	23
2026.01.26	18:01:00	96.8738	96.8738	96.8709	96.8709	441	0	21
2026.01.26	18:02:00	96.8708	96.8708	96.8656	96.8656	330	0	23
2026.01.26	18:03:00	96.8661	96.8661	96.8525	96.8525	453	0	24
2026.01.26	18:04:00	96.8527	96.8527	96.8251	96.8251	723	0	21
2026.01.26	18:05:00	96.8254	96.8614	96.8254	96.8614	472	0	26
2026.01.26	18:06:00	96.8609	96.8890	96.8609	96.8890	448	0	26
2026.01.26	18:07:00	96.8885	96.8900	96.8875	96.8875	303	0	26
2026.01.26	18:08:00	96.8874	96.9112	96.8874	96.9112	348	0	25
2026.01.26	18:09:00	96.9107	96.9107	96.9014	96.9014	383	0	24
2026.01.26	18:10:00	96.9006	96.9006	96.8885	96.8885	468	0	26
2026.01.26	18:11:00	96.8879	96.8994	96.8879	96.8994	328	0	23
2026.01.26	18:12:00	96.8994	96.9128	96.8994	96.9128	339	0	24
2026.01.26	18:13:00	96.9122	96.9122	96.9100	96.9100	364	0	24
2026.01.26	18:14:00	96.9099	96.9236	96.9099	96.9236	407	0	24
2026.01.26	18:15:00	96.9228	96.9245	96.9228	96.9245	265	0	24
2026.01.26	18:16:00	96.9234	96.9340	96.9234	96.9340	346	0	24
2026.01.26	18:17:00	96.9342	96.9753	96.9342	96.9753	523	0	22
2026.01.26	18:18:00	96.9745	96.9745	96.9600	96.9600	551	0	27
2026.01.26	18:19:00	96.9588	96.9748	96.9588	96.9748	380	0	26
2026.01.26	18:20:00	96.9744	96.9744	96.9673	96.9673	383	0	26
2026.01.26	18:21:00	96.9669	96.9748	96.9669	96.9748	368	0	24
2026.01.26	18:22:00	96.9746	96.9746	96.9625	96.9625	317	0	26
2026.01.26	18:23:00	96.9609	96.9609	96.9602	96.9604	350	0	23
2026.01.26	18:24:00	96.9599	96.9599	96.9590	96.9593	291	0	24
2026.01.26	18:25:00	96.9599	96.9639	96.9599	96.9639	330	0	24
2026.01.26	18:26:00	96.9647	96.9661	96.9647	96.9661	298	0	24
2026.01.26	18:27:00	96.9657	96.9781	96.9657	96.9781	331	0	24
2026.01.26	18:28:00	96.9782	96.9858	96.9782	96.9858	351	0	26
2026.01.26	18:29:00	96.9857	96.9857	96.9745	96.9745	353	0	24
2026.01.26	18:30:00	96.9735	96.9735	96.9578	96.9578	426	0	23
2026.01.26	18:31:00	96.9573	96.9612	96.9573	96.9612	327	0	20
2026.01.26	18:32:00	96.9614	96.9692	96.9614	96.9692	306	0	26
2026.01.26	18:33:00	96.9695	96.9780	96.9695	96.9780	367	0	26
2026.01.26	18:34:00	96.9783	96.9783	96.9758	96.9778	291	0	24
2026.01.26	18:35:00	96.9787	96.9787	96.9712	96.9712	305	0	24
2026.01.26	18:36:00	96.9712	96.9712	96.9622	96.9622	385	0	26
2026.01.26	18:37:00	96.9624	96.9624	96.9592	96.9592	298	0	24
2026.01.26	18:38:00	96.9590	96.9733	96.9590	96.9733	342	0	25
2026.01.26	18:39:00	96.9736	96.9736	96.9711	96.9711	338	0	24
2026.01.26	18:40:00	96.9701	96.9701	96.9675	96.9675	291	0	24
2026.01.26	18:41:00	96.9674	96.9674	96.9581	96.9581	251	0	24
2026.01.26	18:42:00	96.9579	96.9579	96.9412	96.9412	367	0	26
2026.01.26	18:43:00	96.9414	96.9447	96.9414	96.9447	252	0	27
2026.01.26	18:44:00	96.9460	96.9545	96.9460	96.9545	283	0	24
2026.01.26	18:45:00	96.9551	96.9551	96.9372	96.9372	289	0	27
2026.01.26	18:46:00	96.9364	96.9364	96.9356	96.9356	280	0	27
2026.01.26	18:47:00	96.9358	96.9358	96.9215	96.9215	353	0	27
2026.01.26	18:48:00	96.9207	96.9232	96.9207	96.9232	247	0	26
2026.01.26	18:49:00	96.9235	96.9597	96.9235	96.9597	405	0	24
2026.01.26	18:50:00	96.9593	96.9593	96.9477	96.9477	305	0	26
2026.01.26	18:51:00	96.9487	96.9487	96.9367	96.9367	209	0	26
2026.01.26	18:52:00	96.9369	96.9468	96.9369	96.9468	295	0	27
2026.01.26	18:53:00	96.9468	96.9468	96.9380	96.9380	250	0	27
2026.01.26	18:54:00	96.9378	96.9452	96.9378	96.9452	199	0	27
2026.01.26	18:55:00	96.9460	96.9488	96.9460	96.9488	292	0	26
2026.01.26	18:56:00	96.9485	96.9591	96.9485	96.9591	231	0	25
2026.01.26	18:57:00	96.9591	96.9611	96.9591	96.9594	334	0	26
2026.01.26	18:58:00	96.9597	96.9670	96.9597	96.9670	341	0	26
2026.01.26	18:59:00	96.9670	96.9670	96.9524	96.9524	329	0	22
2026.01.26	19:00:00	96.9518	96.9523	96.9518	96.9523	246	0	28
2026.01.26	19:01:00	96.9525	96.9525	96.9513	96.9513	263	0	27
2026.01.26	19:02:00	96.9514	96.9531	96.9497	96.9497	247	0	27
2026.01.26	19:03:00	96.9495	96.9626	96.9495	96.9626	192	0	28
2026.01.26	19:04:00	96.9625	96.9625	96.9587	96.9587	188	0	28
2026.01.26	19:05:00	96.9585	96.9585	96.9484	96.9484	229	0	25
2026.01.26	19:06:00	96.9477	96.9602	96.9477	96.9602	218	0	27
2026.01.26	19:07:00	96.9597	96.9597	96.9558	96.9558	211	0	28
2026.01.26	19:08:00	96.9554	96.9554	96.9501	96.9512	292	0	27
2026.01.26	19:09:00	96.9509	96.9658	96.9509	96.9658	303	0	27
2026.01.26	19:10:00	96.9671	96.9719	96.9671	96.9719	343	0	24
2026.01.26	19:11:00	96.9717	96.9729	96.9717	96.9729	264	0	26
2026.01.26	19:12:00	96.9729	96.9729	96.9512	96.9512	217	0	27
2026.01.26	19:13:00	96.9494	96.9494	96.9493	96.9493	278	0	26
2026.01.26	19:14:00	96.9490	96.9490	96.9405	96.9405	391	0	27
2026.01.26	19:15:00	96.9406	96.9406	96.9365	96.9365	244	0	28
2026.01.26	19:16:00	96.9375	96.9515	96.9375	96.9515	247	0	28
2026.01.26	19:17:00	96.9510	96.9510	96.9409	96.9409	260	0	28
2026.01.26	19:18:00	96.9409	96.9430	96.9384	96.9430	201	0	27
2026.01.26	19:19:00	96.9443	96.9443	96.9273	96.9273	374	0	26
2026.01.26	19:20:00	96.9282	96.9402	96.9282	96.9402	283	0	26
2026.01.26	19:21:00	96.9396	96.9431	96.9396	96.9431	290	0	26
2026.01.26	19:22:00	96.9429	96.9536	96.9429	96.9536	254	0	26
2026.01.26	19:23:00	96.9537	96.9617	96.9537	96.9617	198	0	27
2026.01.26	19:24:00	96.9610	96.9662	96.9597	96.9662	307	0	26
2026.01.26	19:25:00	96.9666	96.9723	96.9666	96.9707	381	0	24
2026.01.26	19:26:00	96.9698	96.9823	96.9698	96.9823	238	0	27
2026.01.26	19:27:00	96.9818	96.9818	96.9809	96.9809	250	0	24
2026.01.26	19:28:00	96.9813	97.0034	96.9813	97.0034	249	0	27
2026.01.26	19:29:00	97.0032	97.0306	97.0032	97.0306	390	0	22
2026.01.26	19:30:00	97.0304	97.0455	97.0304	97.0455	426	0	26
2026.01.26	19:31:00	97.0465	97.0465	97.0227	97.0227	352	0	27
2026.01.26	19:32:00	97.0215	97.0215	97.0183	97.0183	281	0	26
2026.01.26	19:33:00	97.0189	97.0198	97.0189	97.0198	208	0	26
2026.01.26	19:34:00	97.0193	97.0193	97.0044	97.0044	199	0	26
2026.01.26	19:35:00	97.0054	97.0107	97.0054	97.0107	251	0	26
2026.01.26	19:36:00	97.0109	97.0109	97.0069	97.0069	224	0	26
2026.01.26	19:37:00	97.0057	97.0121	97.0057	97.0121	235	0	30
2026.01.26	19:38:00	97.0117	97.0145	97.0117	97.0145	182	0	28
2026.01.26	19:39:00	97.0139	97.0139	97.0107	97.0113	255	0	27
2026.01.26	19:40:00	97.0120	97.0136	97.0120	97.0136	233	0	28
2026.01.26	19:41:00	97.0132	97.0169	97.0132	97.0169	222	0	26
2026.01.26	19:42:00	97.0176	97.0176	97.0095	97.0095	253	0	27
2026.01.26	19:43:00	97.0095	97.0129	97.0095	97.0129	165	0	27
2026.01.26	19:44:00	97.0136	97.0162	97.0136	97.0162	161	0	27
2026.01.26	19:45:00	97.0163	97.0292	97.0163	97.0292	191	0	27
2026.01.26	19:46:00	97.0291	97.0291	97.0288	97.0288	257	0	27
2026.01.26	19:47:00	97.0286	97.0337	97.0286	97.0337	243	0	24
2026.01.26	19:48:00	97.0341	97.0431	97.0341	97.0431	205	0	27
2026.01.26	19:49:00	97.0434	97.0434	97.0230	97.0230	286	0	26
2026.01.26	19:50:00	97.0237	97.0237	97.0217	97.0217	239	0	27
2026.01.26	19:51:00	97.0216	97.0216	97.0174	97.0174	243	0	27
2026.01.26	19:52:00	97.0179	97.0255	97.0179	97.0255	182	0	26
2026.01.26	19:53:00	97.0258	97.0258	97.0228	97.0228	230	0	26
2026.01.26	19:54:00	97.0227	97.0263	97.0227	97.0263	190	0	25
2026.01.26	19:55:00	97.0261	97.0261	97.0167	97.0167	204	0	26
2026.01.26	19:56:00	97.0185	97.0192	97.0185	97.0192	236	0	26
2026.01.26	19:57:00	97.0187	97.0246	97.0187	97.0246	208	0	26
2026.01.26	19:58:00	97.0243	97.0243	97.0127	97.0127	236	0	26
2026.01.26	19:59:00	97.0123	97.0129	97.0123	97.0129	251	0	26
2026.01.26	20:00:00	97.0127	97.0190	97.0127	97.0190	330	0	26
2026.01.26	20:01:00	97.0191	97.0191	97.0119	97.0119	231	0	27
2026.01.26	20:02:00	97.0119	97.0119	97.0105	97.0105	256	0	28
2026.01.26	20:03:00	97.0094	97.0094	97.0084	97.0084	295	0	27
2026.01.26	20:04:00	97.0086	97.0086	97.0044	97.0044	264	0	26
2026.01.26	20:05:00	97.0034	97.0121	97.0034	97.0121	239	0	27
2026.01.26	20:06:00	97.0130	97.0130	96.9993	96.9993	271	0	26
2026.01.26	20:07:00	96.9990	96.9990	96.9918	96.9918	243	0	28
2026.01.26	20:08:00	96.9912	96.9912	96.9748	96.9748	270	0	26
2026.01.26	20:09:00	96.9731	96.9731	96.9633	96.9633	291	0	27
2026.01.26	20:10:00	96.9640	96.9640	96.9613	96.9613	283	0	27
2026.01.26	20:11:00	96.9616	96.9616	96.9489	96.9489	210	0	27
2026.01.26	20:12:00	96.9487	96.9487	96.9477	96.9477	318	0	27
2026.01.26	20:13:00	96.9478	96.9634	96.9478	96.9634	232	0	23
2026.01.26	20:14:00	96.9635	96.9712	96.9635	96.9712	165	0	27
2026.01.26	20:15:00	96.9706	96.9706	96.9587	96.9587	195	0	27
2026.01.26	20:16:00	96.9597	96.9646	96.9597	96.9640	274	0	26
2026.01.26	20:17:00	96.9632	96.9632	96.9406	96.9406	226	0	26
2026.01.26	20:18:00	96.9403	96.9447	96.9403	96.9447	252	0	27
2026.01.26	20:19:00	96.9444	96.9444	96.9396	96.9396	217	0	27
2026.01.26	20:20:00	96.9398	96.9420	96.9398	96.9420	219	0	28
2026.01.26	20:21:00	96.9421	96.9468	96.9421	96.9468	184	0	28
2026.01.26	20:22:00	96.9460	96.9604	96.9460	96.9604	209	0	25
2026.01.26	20:23:00	96.9601	96.9601	96.9584	96.9584	252	0	27
2026.01.26	20:24:00	96.9588	96.9608	96.9578	96.9608	218	0	26
2026.01.26	20:25:00	96.9602	96.9622	96.9602	96.9622	216	0	27
2026.01.26	20:26:00	96.9628	96.9771	96.9628	96.9771	218	0	25
2026.01.26	20:27:00	96.9782	96.9802	96.9782	96.9802	227	0	27
2026.01.26	20:28:00	96.9805	96.9805	96.9757	96.9757	229	0	26
2026.01.26	20:29:00	96.9752	96.9752	96.9663	96.9663	227	0	26
2026.01.26	20:30:00	96.9659	96.9666	96.9659	96.9666	204	0	27
2026.01.26	20:31:00	96.9665	96.9684	96.9652	96.9652	219	0	27
2026.01.26	20:32:00	96.9651	96.9652	96.9651	96.9652	213	0	28
2026.01.26	20:33:00	96.9649	96.9755	96.9649	96.9755	185	0	27
2026.01.26	20:34:00	96.9756	96.9756	96.9696	96.9696	225	0	27
2026.01.26	20:35:00	96.9701	96.9731	96.9701	96.9731	166	0	27
2026.01.26	20:36:00	96.9727	96.9727	96.9700	96.9700	209	0	28
2026.01.26	20:37:00	96.9700	96.9700	96.9621	96.9621	219	0	24
2026.01.26	20:38:00	96.9621	96.9633	96.9621	96.9633	151	0	26
2026.01.26	20:39:00	96.9631	96.9677	96.9631	96.9677	241	0	26
2026.01.26	20:40:00	96.9672	96.9817	96.9672	96.9817	260	0	26
2026.01.26	20:41:00	96.9814	96.9850	96.9814	96.9850	309	0	27
2026.01.26	20:42:00	96.9849	97.0050	96.9849	97.0050	320	0	27
2026.01.26	20:43:00	97.0044	97.0056	97.0044	97.0052	251	0	27
2026.01.26	20:44:00	97.0051	97.0192	97.0051	97.0192	300	0	26
2026.01.26	20:45:00	97.0191	97.0191	97.0144	97.0144	299	0	26
2026.01.26	20:46:00	97.0142	97.0142	97.0109	97.0109	275	0	24
2026.01.26	20:47:00	97.0107	97.0165	97.0107	97.0165	296	0	26
2026.01.26	20:48:00	97.0165	97.0165	97.0088	97.0088	271	0	26
2026.01.26	20:49:00	97.0094	97.0113	97.0083	97.0113	272	0	26
2026.01.26	20:50:00	97.0104	97.0105	97.0104	97.0105	277	0	26
2026.01.26	20:51:00	97.0110	97.0171	97.0110	97.0171	198	0	27
2026.01.26	20:52:00	97.0171	97.0171	97.0043	97.0043	257	0	26
2026.01.26	20:53:00	97.0036	97.0047	97.0036	97.0047	235	0	24
2026.01.26	20:54:00	97.0060	97.0087	97.0060	97.0086	273	0	27
2026.01.26	20:55:00	97.0081	97.0204	97.0081	97.0204	244	0	28
2026.01.26	20:56:00	97.0208	97.0214	97.0197	97.0197	248	0	27
2026.01.26	20:57:00	97.0198	97.0303	97.0198	97.0303	254	0	27
2026.01.26	20:58:00	97.0306	97.0306	97.0251	97.0251	309	0	20
2026.01.26	20:59:00	97.0253	97.0318	97.0253	97.0318	223	0	26
2026.01.26	21:00:00	97.0310	97.0385	97.0310	97.0385	284	0	27
2026.01.26	21:01:00	97.0391	97.0435	97.0391	97.0435	274	0	27
2026.01.26	21:02:00	97.0442	97.0619	97.0442	97.0619	357	0	26
2026.01.26	21:03:00	97.0613	97.0690	97.0613	97.0690	393	0	27
2026.01.26	21:04:00	97.0699	97.0699	97.0632	97.0632	362	0	28
2026.01.26	21:05:00	97.0627	97.0627	97.0523	97.0523	242	0	27
2026.01.26	21:06:00	97.0530	97.0695	97.0530	97.0695	249	0	27
2026.01.26	21:07:00	97.0698	97.0698	97.0617	97.0617	312	0	27
2026.01.26	21:08:00	97.0616	97.0617	97.0616	97.0617	195	0	28
2026.01.26	21:09:00	97.0626	97.0708	97.0626	97.0708	242	0	27
2026.01.26	21:10:00	97.0728	97.0739	97.0728	97.0739	269	0	28
2026.01.26	21:11:00	97.0717	97.0742	97.0714	97.0742	261	0	27
2026.01.26	21:12:00	97.0755	97.0794	97.0755	97.0794	220	0	26
2026.01.26	21:13:00	97.0796	97.0796	97.0796	97.0796	165	0	28
2026.01.26	21:14:00	97.0796	97.0796	97.0702	97.0702	267	0	27
2026.01.26	21:15:00	97.0711	97.0845	97.0711	97.0845	241	0	28
2026.01.26	21:16:00	97.0835	97.0889	97.0835	97.0889	241	0	29
2026.01.26	21:17:00	97.0877	97.0877	97.0863	97.0863	291	0	30
2026.01.26	21:18:00	97.0868	97.0910	97.0868	97.0910	190	0	29
2026.01.26	21:19:00	97.0914	97.0959	97.0914	97.0959	230	0	28
2026.01.26	21:20:00	97.0955	97.0955	97.0934	97.0934	191	0	30
2026.01.26	21:21:00	97.0928	97.0938	97.0928	97.0938	214	0	30
2026.01.26	21:22:00	97.0933	97.0957	97.0933	97.0957	285	0	30
2026.01.26	21:23:00	97.0957	97.0957	97.0905	97.0905	270	0	28
2026.01.26	21:24:00	97.0903	97.0956	97.0903	97.0956	207	0	30
2026.01.26	21:25:00	97.0944	97.0944	97.0783	97.0783	292	0	28
2026.01.26	21:26:00	97.0780	97.0791	97.0755	97.0791	298	0	27
2026.01.26	21:27:00	97.0800	97.0847	97.0800	97.0847	186	0	28
2026.01.26	21:28:00	97.0846	97.0846	97.0805	97.0805	200	0	27
2026.01.26	21:29:00	97.0807	97.0883	97.0807	97.0883	230	0	28
2026.01.26	21:30:00	97.0894	97.0894	97.0817	97.0817	276	0	28
2026.01.26	21:31:00	97.0813	97.0831	97.0811	97.0831	173	0	23
2026.01.26	21:32:00	97.0834	97.0834	97.0798	97.0798	161	0	27
2026.01.26	21:33:00	97.0800	97.0812	97.0800	97.0812	151	0	28
2026.01.26	21:34:00	97.0807	97.0807	97.0764	97.0764	169	0	28
2026.01.26	21:35:00	97.0766	97.0974	97.0766	97.0974	232	0	28
2026.01.26	21:36:00	97.0954	97.0954	97.0944	97.0944	182	0	28
2026.01.26	21:37:00	97.0941	97.0941	97.0869	97.0869	191	0	28
2026.01.26	21:38:00	97.0876	97.0876	97.0823	97.0823	181	0	28
2026.01.26	21:39:00	97.0824	97.0878	97.0824	97.0878	217	0	28
2026.01.26	21:40:00	97.0882	97.1028	97.0882	97.1028	253	0	27
2026.01.26	21:41:00	97.1034	97.1034	97.0893	97.0893	253	0	27
2026.01.26	21:42:00	97.0892	97.0892	97.0793	97.0793	289	0	26
2026.01.26	21:43:00	97.0795	97.0795	97.0663	97.0663	293	0	28
2026.01.26	21:44:00	97.0667	97.0713	97.0667	97.0713	259	0	27
2026.01.26	21:45:00	97.0718	97.0738	97.0718	97.0738	244	0	26
2026.01.26	21:46:00	97.0737	97.0737	97.0711	97.0711	229	0	27
2026.01.26	21:47:00	97.0714	97.0714	97.0695	97.0695	254	0	27
2026.01.26	21:48:00	97.0696	97.0790	97.0696	97.0790	248	0	28
2026.01.26	21:49:00	97.0786	97.0786	97.0653	97.0653	219	0	28
2026.01.26	21:50:00	97.0653	97.0653	97.0639	97.0639	264	0	26
2026.01.26	21:51:00	97.0643	97.0680	97.0643	97.0680	316	0	28
2026.01.26	21:52:00	97.0685	97.0685	97.0493	97.0493	274	0	27
2026.01.26	21:53:00	97.0491	97.0491	97.0472	97.0477	274	0	27
2026.01.26	21:54:00	97.0470	97.0508	97.0470	97.0506	269	0	26
2026.01.26	21:55:00	97.0482	97.0482	97.0413	97.0413	335	0	27
2026.01.26	21:56:00	97.0416	97.0436	97.0408	97.0436	302	0	28
2026.01.26	21:57:00	97.0446	97.0446	97.0298	97.0298	343	0	27
2026.01.26	21:58:00	97.0294	97.0425	97.0294	97.0425	286	0	27
2026.01.26	21:59:00	97.0427	97.0427	97.0334	97.0334	457	0	27
2026.01.26	22:00:00	97.0332	97.0332	96.9953	96.9953	459	0	26
2026.01.26	22:01:00	96.9958	97.0025	96.9958	97.0012	359	0	27
2026.01.26	22:02:00	97.0007	97.0354	97.0007	97.0354	377	0	28
2026.01.26	22:03:00	97.0359	97.0560	97.0359	97.0560	269	0	28
2026.01.26	22:04:00	97.0561	97.0561	97.0432	97.0432	251	0	28
2026.01.26	22:05:00	97.0431	97.0431	97.0208	97.0208	278	0	27
2026.01.26	22:06:00	97.0201	97.0219	97.0201	97.0217	246	0	28
2026.01.26	22:07:00	97.0216	97.0264	97.0216	97.0256	232	0	26
2026.01.26	22:08:00	97.0257	97.0325	97.0257	97.0325	233	0	27
2026.01.26	22:09:00	97.0319	97.0319	97.0172	97.0172	170	0	27
2026.01.26	22:10:00	97.0184	97.0203	97.0184	97.0193	210	0	27
2026.01.26	22:11:00	97.0189	97.0210	97.0189	97.0210	189	0	27
2026.01.26	22:12:00	97.0213	97.0213	97.0006	97.0006	241	0	26
2026.01.26	22:13:00	97.0008	97.0038	96.9998	96.9998	237	0	29
2026.01.26	22:14:00	96.9997	97.0028	96.9997	97.0028	185	0	28
2026.01.26	22:15:00	97.0016	97.0037	97.0016	97.0037	203	0	29
2026.01.26	22:16:00	97.0039	97.0125	97.0039	97.0125	217	0	28
2026.01.26	22:17:00	97.0126	97.0173	97.0126	97.0173	173	0	26
2026.01.26	22:18:00	97.0172	97.0172	97.0161	97.0161	212	0	27
2026.01.26	22:19:00	97.0160	97.0160	97.0078	97.0078	175	0	27
2026.01.26	22:20:00	97.0081	97.0162	97.0081	97.0162	201	0	27
2026.01.26	22:21:00	97.0165	97.0165	97.0141	97.0151	215	0	28
2026.01.26	22:22:00	97.0150	97.0157	97.0122	97.0122	193	0	28
2026.01.26	22:23:00	97.0128	97.0128	97.0083	97.0083	166	0	28
2026.01.26	22:24:00	97.0079	97.0133	97.0079	97.0133	166	0	28
2026.01.26	22:25:00	97.0134	97.0151	97.0134	97.0151	147	0	28
2026.01.26	22:26:00	97.0156	97.0225	97.0156	97.0225	151	0	29
2026.01.26	22:27:00	97.0232	97.0232	97.0208	97.0208	145	0	27
2026.01.26	22:28:00	97.0210	97.0285	97.0210	97.0285	164	0	28
2026.01.26	22:29:00	97.0284	97.0284	97.0230	97.0230	149	0	28
2026.01.26	22:30:00	97.0231	97.0231	97.0214	97.0225	173	0	28
2026.01.26	22:31:00	97.0237	97.0314	97.0237	97.0314	185	0	27
2026.01.26	22:32:00	97.0303	97.0303	97.0257	97.0257	175	0	27
2026.01.26	22:33:00	97.0254	97.0254	97.0220	97.0220	164	0	26
2026.01.26	22:34:00	97.0220	97.0232	97.0220	97.0232	128	0	27
2026.01.26	22:35:00	97.0227	97.0227	97.0195	97.0195	135	0	27
2026.01.26	22:36:00	97.0201	97.0233	97.0201	97.0233	167	0	27
2026.01.26	22:37:00	97.0241	97.0352	97.0241	97.0352	194	0	26
2026.01.26	22:38:00	97.0358	97.0358	97.0334	97.0334	144	0	27
2026.01.26	22:39:00	97.0340	97.0340	97.0270	97.0270	183	0	27
2026.01.26	22:40:00	97.0269	97.0295	97.0269	97.0295	161	0	28
2026.01.26	22:41:00	97.0300	97.0367	97.0300	97.0367	187	0	28
2026.01.26	22:42:00	97.0372	97.0372	97.0349	97.0349	152	0	28
2026.01.26	22:43:00	97.0349	97.0381	97.0349	97.0381	184	0	27
2026.01.26	22:44:00	97.0381	97.0383	97.0381	97.0383	196	0	28
2026.01.26	22:45:00	97.0386	97.0386	97.0241	97.0241	176	0	27
2026.01.26	22:46:00	97.0242	97.0288	97.0242	97.0288	121	0	27
2026.01.26	22:47:00	97.0283	97.0283	97.0217	97.0217	137	0	28
2026.01.26	22:48:00	97.0218	97.0222	97.0218	97.0222	155	0	27
2026.01.26	22:49:00	97.0226	97.0242	97.0226	97.0242	125	0	27
2026.01.26	22:50:00	97.0240	97.0240	97.0228	97.0228	190	0	26
2026.01.26	22:51:00	97.0224	97.0226	97.0224	97.0226	177	0	26
2026.01.26	22:52:00	97.0229	97.0245	97.0229	97.0245	112	0	26
2026.01.26	22:53:00	97.0245	97.0286	97.0245	97.0286	159	0	26
2026.01.26	22:54:00	97.0279	97.0309	97.0279	97.0309	174	0	24
2026.01.26	22:55:00	97.0322	97.0322	97.0276	97.0276	171	0	26
2026.01.26	22:56:00	97.0277	97.0277	97.0217	97.0217	164	0	27
2026.01.26	22:57:00	97.0214	97.0214	97.0167	97.0167	165	0	27
2026.01.26	22:58:00	97.0174	97.0178	97.0165	97.0165	174	0	27
2026.01.26	22:59:00	97.0168	97.0223	97.0168	97.0223	224	0	27
2026.01.26	23:00:00	97.0194	97.0205	97.0194	97.0196	161	0	28
2026.01.26	23:01:00	97.0205	97.0205	97.0171	97.0171	175	0	30
2026.01.26	23:02:00	97.0153	97.0153	97.0089	97.0089	152	0	28
2026.01.26	23:03:00	97.0103	97.0103	97.0022	97.0022	110	0	27
2026.01.26	23:04:00	97.0021	97.0021	96.9962	96.9962	98	0	27
2026.01.26	23:05:00	96.9978	97.0102	96.9978	97.0102	187	0	26
2026.01.26	23:06:00	97.0096	97.0096	97.0085	97.0085	111	0	28
2026.01.26	23:07:00	97.0089	97.0146	97.0089	97.0146	86	0	28
2026.01.26	23:08:00	97.0139	97.0196	97.0139	97.0196	87	0	28
2026.01.26	23:09:00	97.0192	97.0282	97.0192	97.0282	119	0	27
2026.01.26	23:10:00	97.0285	97.0301	97.0285	97.0301	68	0	24
2026.01.26	23:11:00	97.0295	97.0416	97.0295	97.0416	105	0	27
2026.01.26	23:12:00	97.0427	97.0446	97.0427	97.0446	65	0	27
2026.01.26	23:13:00	97.0447	97.0447	97.0424	97.0427	74	0	28
2026.01.26	23:14:00	97.0429	97.0429	97.0420	97.0426	80	0	27
2026.01.26	23:15:00	97.0440	97.0526	97.0440	97.0526	90	0	28
2026.01.26	23:16:00	97.0521	97.0569	97.0521	97.0569	74	0	28
2026.01.26	23:17:00	97.0569	97.0613	97.0569	97.0613	155	0	27
2026.01.26	23:18:00	97.0604	97.0604	97.0540	97.0540	126	0	27
2026.01.26	23:19:00	97.0543	97.0547	97.0541	97.0541	72	0	24
2026.01.26	23:20:00	97.0536	97.0575	97.0536	97.0575	113	0	28
2026.01.26	23:21:00	97.0580	97.0580	97.0553	97.0553	90	0	27
2026.01.26	23:22:00	97.0551	97.0643	97.0551	97.0643	102	0	28
2026.01.26	23:23:00	97.0642	97.0683	97.0642	97.0683	78	0	28
2026.01.26	23:24:00	97.0680	97.0680	97.0658	97.0658	92	0	28
2026.01.26	23:25:00	97.0658	97.0660	97.0645	97.0645	105	0	29
2026.01.26	23:26:00	97.0647	97.0647	97.0582	97.0582	91	0	30
2026.01.26	23:27:00	97.0586	97.0641	97.0586	97.0641	114	0	28
2026.01.26	23:28:00	97.0643	97.0653	97.0634	97.0634	115	0	28
2026.01.26	23:29:00	97.0637	97.0652	97.0631	97.0652	152	0	27
2026.01.26	23:30:00	97.0649	97.0672	97.0649	97.0672	93	0	28
2026.01.26	23:31:00	97.0673	97.0718	97.0673	97.0718	79	0	30
2026.01.26	23:32:00	97.0719	97.0752	97.0719	97.0752	148	0	29
2026.01.26	23:33:00	97.0748	97.0748	97.0688	97.0688	65	0	33
2026.01.26	23:34:00	97.0682	97.0704	97.0682	97.0704	46	0	35
2026.01.26	23:35:00	97.0703	97.0706	97.0703	97.0706	100	0	36
2026.01.26	23:36:00	97.0711	97.0726	97.0711	97.0726	108	0	36
2026.01.26	23:37:00	97.0731	97.0784	97.0731	97.0784	89	0	36
2026.01.26	23:38:00	97.0779	97.0779	97.0773	97.0774	69	0	37
2026.01.26	23:39:00	97.0774	97.0779	97.0774	97.0779	41	0	24
2026.01.26	23:40:00	97.0774	97.0774	97.0767	97.0767	54	0	36
2026.01.26	23:41:00	97.0772	97.0793	97.0772	97.0793	118	0	36
2026.01.26	23:42:00	97.0782	97.0782	97.0770	97.0775	120	0	37
2026.01.26	23:43:00	97.0773	97.0805	97.0773	97.0805	90	0	27
2026.01.26	23:44:00	97.0798	97.0798	97.0727	97.0727	90	0	37
2026.01.26	23:45:00	97.0719	97.0719	97.0719	97.0719	137	0	39
2026.01.26	23:46:00	97.0719	97.0765	97.0719	97.0765	116	0	39
2026.01.26	23:47:00	97.0775	97.0780	97.0775	97.0780	107	0	39
2026.01.26	23:48:00	97.0778	97.0778	97.0754	97.0754	91	0	37
2026.01.26	23:49:00	97.0752	97.0762	97.0752	97.0758	117	0	39
2026.01.26	23:50:00	97.0760	97.0760	97.0689	97.0689	161	0	35
2026.01.26	23:51:00	97.0690	97.0690	97.0591	97.0591	168	0	41
2026.01.26	23:52:00	97.0587	97.0618	97.0587	97.0618	224	0	43
2026.01.26	23:53:00	97.0618	97.0618	97.0595	97.0595	199	0	41
2026.01.26	23:54:00	97.0618	97.0618	97.0568	97.0568	157	0	41
2026.01.26	23:55:00	97.0556	97.0556	97.0467	97.0467	196	0	69
2026.01.26	23:56:00	97.0453	97.0481	97.0453	97.0475	254	0	87
2026.01.26	23:57:00	97.0465	97.0465	97.0392	97.0392	466	0	89
2026.01.26	23:58:00	97.0392	97.0412	97.0392	97.0404	382	0	90
2026.01.26	23:59:00	97.0396	97.0396	97.0376	97.0376	61	0	97
